{
  "episode_returns": [
    30.690254293397103,
    11.692906596218048,
    29.360814668060133,
    31.160799329773827,
    8.227454029960349,
    29.094148001393435,
    31.360814668060105,
    30.692652761058078,
    28.85932208184258,
    30.138010122259292
  ],
  "episode_crashes": [
    false,
    true,
    false,
    false,
    true,
    false,
    false,
    false,
    false,
    false
  ],
  "mean_return": 26.127717655202296,
  "std_return": 8.160591464192386,
  "crash_rate": 0.2
}