{
  "mean_return": 29.309071717892778,
  "std_return": 0.8339520919530997,
  "crash_rate": 0.0
}